[
  {
    "id": "5613e78063226f247140491a",
    "name": "Peters Cooke",
    "email": "peterscooke@rodemco.com",
    "phone": "+1 (809) 595-3593"
  },
  {
    "id": "5613e780eec61a7291bba44b",
    "name": "Barrera Park",
    "email": "barrerapark@rodemco.com",
    "phone": "+1 (986) 408-3693"
  },
  {
    "id": "5613e7802cf270f2e64ad2a4",
    "name": "Cherry Willis",
    "email": "cherrywillis@rodemco.com",
    "phone": "+1 (951) 465-3180"
  },
  {
    "id": "5613e780cccfdaf04e958c21",
    "name": "Hilda Perry",
    "email": "hildaperry@rodemco.com",
    "phone": "+1 (875) 481-2359"
  },
  {
    "id": "5613e7808cae1f45cb951d60",
    "name": "Hatfield Young",
    "email": "hatfieldyoung@rodemco.com",
    "phone": "+1 (977) 588-3605"
  },
  {
    "id": "5613e780c6ec8c94a89f86a6",
    "name": "Rose Finch",
    "email": "rosefinch@rodemco.com",
    "phone": "+1 (990) 585-3853"
  },
  {
    "id": "5613e78081b21824d9bac536",
    "name": "Terrell Miranda",
    "email": "terrellmiranda@rodemco.com",
    "phone": "+1 (945) 461-2164"
  },
  {
    "id": "5613e7800f783cac5f776456",
    "name": "Brewer Bird",
    "email": "brewerbird@rodemco.com",
    "phone": "+1 (998) 469-2414"
  },
  {
    "id": "5613e78031cea07e86bdd4c5",
    "name": "Opal Keith",
    "email": "opalkeith@rodemco.com",
    "phone": "+1 (877) 425-3411"
  },
  {
    "id": "5613e780bf0fd721de1ecfbc",
    "name": "Concepcion Hogan",
    "email": "concepcionhogan@rodemco.com",
    "phone": "+1 (982) 585-3107"
  },
  {
    "id": "5613e780456e85ffafe617f6",
    "name": "Zelma Munoz",
    "email": "zelmamunoz@rodemco.com",
    "phone": "+1 (834) 429-2356"
  },
  {
    "id": "5613e7806a09c7627064be39",
    "name": "Mollie Dennis",
    "email": "molliedennis@rodemco.com",
    "phone": "+1 (813) 553-3481"
  },
  {
    "id": "5613e7802c6e421772a7d02a",
    "name": "Jerri Pennington",
    "email": "jerripennington@rodemco.com",
    "phone": "+1 (917) 464-2615"
  },
  {
    "id": "5613e78072304efbe93afa48",
    "name": "Rose Foreman",
    "email": "roseforeman@rodemco.com",
    "phone": "+1 (967) 428-3846"
  },
  {
    "id": "5613e780a600f07c0b938841",
    "name": "Patricia Mccarty",
    "email": "patriciamccarty@rodemco.com",
    "phone": "+1 (814) 514-3841"
  },
  {
    "id": "5613e780879b781164c76db5",
    "name": "Barber Riley",
    "email": "barberriley@rodemco.com",
    "phone": "+1 (876) 412-3385"
  },
  {
    "id": "5613e78081855b60dc14ff16",
    "name": "Barnes Cleveland",
    "email": "barnescleveland@rodemco.com",
    "phone": "+1 (870) 451-3205"
  },
  {
    "id": "5613e7809db00066c2159a37",
    "name": "Nelda Boyer",
    "email": "neldaboyer@rodemco.com",
    "phone": "+1 (971) 537-3720"
  },
  {
    "id": "5613e7809ee73d9cb0fed6b8",
    "name": "Yvette Mack",
    "email": "yvettemack@rodemco.com",
    "phone": "+1 (813) 583-3749"
  }
]